{
  "train_loss": [
    0.7778217417578543,
    0.08784283541383282,
    0.05714086815714836,
    0.04581972758375829,
    0.040295616032615784,
    0.037145297794092084,
    0.03489874543682221,
    0.03299741218647649,
    0.03166755237766812,
    0.030648854110510118,
    0.029879815846441254,
    0.029428860743439967,
    0.029225473292171955,
    0.028807587831491423,
    0.0288493623055758
  ],
  "val_loss": [
    2.771147408988327,
    2.6827376261353493,
    2.6358725391328335,
    2.5914269350469112,
    2.5544837643392384,
    2.523352380376309,
    2.4942939737811685,
    2.4728543017990887,
    2.455286420416087,
    2.4403897575102746,
    2.4287061784416437,
    2.4193299007602036,
    2.4131374354474247,
    2.4109809240326285,
    2.410095837432891
  ],
  "train_recon_loss": [
    0.6337156357063402,
    0.05114091109604605,
    0.032813843970577565,
    0.025383413709219423,
    0.021312793266148336,
    0.01893821202458874,
    0.017179836428934527,
    0.01588866350451304,
    0.014945146552617512,
    0.014180600838435272,
    0.013675894498104049,
    0.013376323956876032,
    0.013119351103781693,
    0.013030552064939853,
    0.01294464523333215
  ],
  "val_recon_loss": [
    0.1262441365979612,
    0.12325502187013626,
    0.1265179179608822,
    0.11838970705866814,
    0.10963965253904462,
    0.10053500114008784,
    0.09444673452526331,
    0.0935293291695416,
    0.0922464500181377,
    0.08989464258775115,
    0.08956500329077244,
    0.08721770765259862,
    0.08663839055225253,
    0.08603973593562841,
    0.08607463212683797
  ],
  "train_anomaly_auc": [],
  "val_anomaly_auc": [
    0.9971936235946184,
    1.0,
    1.0,
    1.0,
    1.0,
    1.0,
    1.0,
    1.0,
    1.0,
    1.0,
    1.0,
    1.0,
    1.0,
    1.0,
    1.0
  ]
}